{
  "393cb480d01d49598ab6bdf3ee7b82ec20200817T145927170213": {
    "name": "Falcon",
    "duration": 600,
    "location": {
      "world": "c749c159-e9af-4dee-817c-5bf08fe51036",
      "x": -2109.3015615832514,
      "y": 60.0,
      "z": 145.85974824889576,
      "yaw": 291.7209,
      "pitch": -3.0001662
    }
  },
  "6e1d2671c9794284a338b0364ce0af5820200817T154601527401": {
    "name": "Sparky",
    "duration": 300,
    "location": {
      "world": "f0afa0d0-021d-4997-b87e-e58a6fa171a3",
      "x": -2157.5644341135167,
      "y": 52.0,
      "z": 175.99173653450106,
      "yaw": 270.10742,
      "pitch": 8.054078E-6
    }
  }
}
